ID,Beta,Chr,Pos,FDR
miR-6756-5p,0.149976623865635,11,119312985,0.0157792278485247
