ID,Beta,Chr,Pos,FDR
ADD1,0.362182079991434,4,2843856,0.0201673223837948
FAM210B,0.651948181761086,20,56358926,0.0101892812843794
HECA,0.57087078850966,6,139135111,0.00109835599125681
LMO4,0.466714559852693,1,87328467,0.00109835599125681
SLC25A37,0.552518184719665,8,23528794,0.0455940330610692
