ID,Beta,Chr,Pos,FDR
miR-4647,0.168436228489937,6,44254253,0.0131953191192555
