ID,Beta,Chr,Pos,FDR
cg02343602,0.0045746975339866,11,2127087,0.0381520233618094
